train_number,station,time
99001,TNA,00:05
99003,TNA,05:12
99401,TNA,05:25
99201,TNA,05:40
99403,TNA,05:53
99405,TNA,06:09
99005,TNA,06:20
99203,TNA,06:27
99407,TNA,06:39
99205,TNA,06:46
99409,TNA,06:59
99007,TNA,07:04
99411,TNA,07:17
99207,TNA,07:23
99413,TNA,07:35
99209,TNA,07:43
99415,TNA,07:53
99009,TNA,08:03
99417,TNA,08:07
99001,DIGH,00:10
99003,DIGH,05:17
99401,DIGH,05:30
99201,DIGH,05:45
99403,DIGH,05:58
99405,DIGH,06:14
99005,DIGH,06:25
99203,DIGH,06:32
99407,DIGH,06:44
99205,DIGH,06:51
99409,DIGH,07:04
99007,DIGH,07:09
99411,DIGH,07:22
99207,DIGH,07:28
99413,DIGH,07:40
99209,DIGH,07:48
99415,DIGH,07:58
99009,DIGH,08:08
99417,DIGH,08:12
99001,AIRL,00:13
99003,AIRL,05:20
99401,AIRL,05:33
99201,AIRL,05:48
99403,AIRL,06:01
99405,AIRL,06:17
99005,AIRL,06:28
99203,AIRL,06:35
99407,AIRL,06:47
99205,AIRL,06:54
99409,AIRL,07:07
99007,AIRL,07:12
99411,AIRL,07:25
99207,AIRL,07:31
99413,AIRL,07:43
99209,AIRL,07:51
99415,AIRL,08:01
99009,AIRL,08:11
99417,AIRL,08:15
99001,RABE,00:16
99003,RABE,05:23
99401,RABE,05:36
99201,RABE,05:51
99403,RABE,06:04
99405,RABE,06:20
99005,RABE,06:31
99203,RABE,06:38
99407,RABE,06:50
99205,RABE,06:57
99409,RABE,07:10
99007,RABE,07:15
99411,RABE,07:28
99207,RABE,07:34
99413,RABE,07:46
99209,RABE,07:54
99415,RABE,08:04
99009,RABE,08:14
99417,RABE,08:18
99001,GNSL,00:19
99003,GNSL,05:26
99401,GNSL,05:39
99201,GNSL,05:54
99403,GNSL,06:07
99405,GNSL,06:23
99005,GNSL,06:34
99203,GNSL,06:41
99407,GNSL,06:53
99205,GNSL,07:00
99409,GNSL,07:13
99007,GNSL,07:18
99411,GNSL,07:31
99207,GNSL,07:37
99413,GNSL,07:49
99209,GNSL,07:57
99415,GNSL,08:07
99009,GNSL,08:17
99417,GNSL,08:21
99001,KPHN,00:22
99003,KPHN,05:29
99401,KPHN,05:42
99201,KPHN,05:57
99403,KPHN,06:10
99405,KPHN,06:26
99005,KPHN,06:37
99203,KPHN,06:44
99407,KPHN,06:56
99205,KPHN,07:03
99409,KPHN,07:16
99007,KPHN,07:21
99411,KPHN,07:34
99207,KPHN,07:40
99413,KPHN,07:52
99209,KPHN,08:00
99415,KPHN,08:10
99009,KPHN,08:20
99417,KPHN,08:24
99001,TUH,00:26
99003,TUH,05:33
99401,TUH,05:46
99201,TUH,06:01
99403,TUH,06:14
99405,TUH,06:30
99005,TUH,06:41
99203,TUH,06:48
99407,TUH,07:00
99205,TUH,07:07
99409,TUH,07:20
99007,TUH,07:25
99411,TUH,07:38
99207,TUH,07:44
99413,TUH,07:56
99209,TUH,08:04
99415,TUH,08:14
99009,TUH,08:24
99417,TUH,08:28
99401,SNPD,05:50
99403,SNPD,06:18
99405,SNPD,06:34
99407,SNPD,07:04
99409,SNPD,07:24
99411,SNPD,07:42
99413,SNPD,08:00
99415,SNPD,08:18
99417,SNPD,08:32
99401,VSH,05:54
99403,VSH,06:22
99405,VSH,06:38
99407,VSH,07:08
99409,VSH,07:28
99411,VSH,07:46
99413,VSH,08:04
99415,VSH,08:22
99417,VSH,08:37
99001,JNJ,00:30
99003,JNJ,05:37
99201,JNJ,06:05
99005,JNJ,06:45
99203,JNJ,06:52
99205,JNJ,07:11
99007,JNJ,07:29
99207,JNJ,07:48
99209,JNJ,08:08
99009,JNJ,08:28
99001,NEU,00:34
99003,NEU,05:41
99201,NEU,06:10
99005,NEU,06:49
99203,NEU,06:57
99205,NEU,07:18
99007,NEU,07:34
99207,NEU,07:53
99209,NEU,08:13
99009,NEU,08:33
99001,SWDV,00:38
99003,SWDV,05:45
99005,SWDV,06:53
99007,SWDV,07:38
99009,SWDV,08:37
99001,BEPR,00:42
99003,BEPR,05:49
99005,BEPR,06:57
99007,BEPR,07:42
99009,BEPR,08:41
99001,KHAG,00:46
99003,KHAG,05:53
99005,KHAG,07:01
99007,KHAG,07:46
99009,KHAG,08:45
99001,MANR,00:49
99003,MANR,05:56
99005,MANR,07:04
99007,MANR,07:49
99009,MANR,08:48
99001,KNDS,00:52
99003,KNDS,05:59
99005,KNDS,07:07
99007,KNDS,07:52
99009,KNDS,08:51
99001,PNVL,00:57
99003,PNVL,06:04
99005,PNVL,07:12
99007,PNVL,07:57
99009,PNVL,08:56
99211,TNA,08:14
99419,TNA,08:23
99213,TNA,08:31
99421,TNA,08:36
99011,TNA,08:41
99215,TNA,08:51
99423,TNA,08:56
99217,TNA,09:04
99425,TNA,09:09
99013,TNA,09:14
99219,TNA,09:19
99427,TNA,09:30
99015,TNA,09:39
99221,TNA,09:47
99429,TNA,09:53
99017,TNA,10:01
99431,TNA,10:07
99223,TNA,10:12
99433,TNA,10:20
99211,DIGH,08:19
99419,DIGH,08:28
99213,DIGH,08:36
99421,DIGH,08:41
99011,DIGH,08:46
99215,DIGH,08:56
99423,DIGH,09:01
99217,DIGH,09:09
99425,DIGH,09:14
99013,DIGH,09:19
99219,DIGH,09:24
99427,DIGH,09:35
99015,DIGH,09:44
99221,DIGH,09:52
99429,DIGH,09:58
99017,DIGH,10:06
99431,DIGH,10:12
99223,DIGH,10:17
99433,DIGH,10:25
99211,AIRL,08:22
99419,AIRL,08:31
99213,AIRL,08:39
99421,AIRL,08:44
99011,AIRL,08:49
99215,AIRL,08:59
99423,AIRL,09:04
99217,AIRL,09:12
99425,AIRL,09:17
99013,AIRL,09:22
99219,AIRL,09:27
99427,AIRL,09:38
99015,AIRL,09:47
99221,AIRL,09:55
99429,AIRL,10:01
99017,AIRL,10:09
99431,AIRL,10:15
99223,AIRL,10:20
99433,AIRL,10:28
99211,RABE,08:25
99419,RABE,08:34
99213,RABE,08:42
99421,RABE,08:47
99011,RABE,08:52
99215,RABE,09:02
99423,RABE,09:07
99217,RABE,09:15
99425,RABE,09:20
99013,RABE,09:25
99219,RABE,09:30
99427,RABE,09:41
99015,RABE,09:50
99221,RABE,09:58
99429,RABE,10:04
99017,RABE,10:12
99431,RABE,10:18
99223,RABE,10:23
99433,RABE,10:31
99211,GNSL,08:28
99419,GNSL,08:37
99213,GNSL,08:45
99421,GNSL,08:50
99011,GNSL,08:55
99215,GNSL,09:05
99423,GNSL,09:10
99217,GNSL,09:18
99425,GNSL,09:23
99013,GNSL,09:28
99219,GNSL,09:33
99427,GNSL,09:44
99015,GNSL,09:53
99221,GNSL,10:01
99429,GNSL,10:07
99017,GNSL,10:15
99431,GNSL,10:21
99223,GNSL,10:26
99433,GNSL,10:34
99211,KPHN,08:31
99419,KPHN,08:40
99213,KPHN,08:48
99421,KPHN,08:53
99011,KPHN,08:58
99215,KPHN,09:08
99423,KPHN,09:13
99217,KPHN,09:21
99425,KPHN,09:26
99013,KPHN,09:31
99219,KPHN,09:36
99427,KPHN,09:47
99015,KPHN,09:56
99221,KPHN,10:04
99429,KPHN,10:10
99017,KPHN,10:18
99431,KPHN,10:24
99223,KPHN,10:29
99433,KPHN,10:37
99211,TUH,08:35
99419,TUH,08:44
99213,TUH,08:52
99421,TUH,08:57
99011,TUH,09:02
99215,TUH,09:12
99423,TUH,09:17
99217,TUH,09:25
99425,TUH,09:30
99013,TUH,09:35
99219,TUH,09:40
99427,TUH,09:51
99015,TUH,10:00
99221,TUH,10:08
99429,TUH,10:14
99017,TUH,10:22
99431,TUH,10:28
99223,TUH,10:33
99433,TUH,10:41
99419,SNPD,08:48
99421,SNPD,09:01
99423,SNPD,09:21
99425,SNPD,09:34
99427,SNPD,09:55
99429,SNPD,10:18
99431,SNPD,10:32
99433,SNPD,10:45
99419,VSH,08:52
99421,VSH,09:05
99423,VSH,09:25
99425,VSH,09:39
99427,VSH,09:59
99429,VSH,10:22
99431,VSH,10:36
99433,VSH,10:50
99211,JNJ,08:39
99213,JNJ,08:56
99011,JNJ,09:06
99215,JNJ,09:16
99217,JNJ,09:29
99013,JNJ,09:39
99219,JNJ,09:44
99015,JNJ,10:04
99221,JNJ,10:12
99017,JNJ,10:26
99223,JNJ,10:37
99211,NEU,08:44
99213,NEU,09:01
99011,NEU,09:10
99215,NEU,09:21
99217,NEU,09:34
99013,NEU,09:43
99219,NEU,09:51
99015,NEU,10:08
99221,NEU,10:17
99017,NEU,10:31
99223,NEU,10:42
99011,SWDV,09:14
99013,SWDV,09:47
99015,SWDV,10:12
99017,SWDV,10:35
99011,BEPR,09:18
99013,BEPR,09:51
99015,BEPR,10:16
99017,BEPR,10:39
99011,KHAG,09:22
99013,KHAG,09:55
99015,KHAG,10:20
99017,KHAG,10:43
99011,MANR,09:25
99013,MANR,09:58
99015,MANR,10:23
99017,MANR,10:46
99011,KNDS,09:28
99013,KNDS,10:01
99015,KNDS,10:26
99017,KNDS,10:49
99011,PNVL,09:33
99013,PNVL,10:06
99015,PNVL,10:31
99017,PNVL,10:54
99435,TNA,10:35
99019,TNA,10:39
99437,TNA,10:48
99225,TNA,10:55
99439,TNA,11:06
99021,TNA,11:14
99441,TNA,11:20
99227,TNA,11:27
99443,TNA,11:35
99229,TNA,11:42
99445,TNA,11:48
99023,TNA,12:00
99447,TNA,12:06
99231,TNA,12:12
99449,TNA,12:18
99233,TNA,12:35
99451,TNA,12:41
99025,TNA,12:49
99453,TNA,13:00
99435,DIGH,10:40
99019,DIGH,10:44
99437,DIGH,10:53
99225,DIGH,11:00
99439,DIGH,11:11
99021,DIGH,11:19
99441,DIGH,11:25
99227,DIGH,11:32
99443,DIGH,11:40
99229,DIGH,11:47
99445,DIGH,11:53
99023,DIGH,12:05
99447,DIGH,12:11
99231,DIGH,12:17
99449,DIGH,12:23
99233,DIGH,12:40
99451,DIGH,12:46
99025,DIGH,12:54
99453,DIGH,13:05
99435,AIRL,10:43
99019,AIRL,10:47
99437,AIRL,10:56
99225,AIRL,11:03
99439,AIRL,11:14
99021,AIRL,11:22
99441,AIRL,11:28
99227,AIRL,11:35
99443,AIRL,11:43
99229,AIRL,11:50
99445,AIRL,11:56
99023,AIRL,12:09
99447,AIRL,12:14
99231,AIRL,12:20
99449,AIRL,12:26
99233,AIRL,12:43
99451,AIRL,12:49
99025,AIRL,12:57
99453,AIRL,13:08
99435,RABE,10:46
99019,RABE,10:50
99437,RABE,10:59
99225,RABE,11:06
99439,RABE,11:17
99021,RABE,11:25
99441,RABE,11:31
99227,RABE,11:38
99443,RABE,11:46
99229,RABE,11:53
99445,RABE,11:59
99023,RABE,12:13
99447,RABE,12:17
99231,RABE,12:23
99449,RABE,12:29
99233,RABE,12:46
99451,RABE,12:52
99025,RABE,13:00
99453,RABE,13:11
99435,GNSL,10:49
99019,GNSL,10:53
99437,GNSL,11:02
99225,GNSL,11:09
99439,GNSL,11:20
99021,GNSL,11:28
99441,GNSL,11:34
99227,GNSL,11:41
99443,GNSL,11:49
99229,GNSL,11:56
99445,GNSL,12:02
99023,GNSL,12:16
99447,GNSL,12:20
99231,GNSL,12:26
99449,GNSL,12:32
99233,GNSL,12:49
99451,GNSL,12:55
99025,GNSL,13:03
99453,GNSL,13:14
99435,KPHN,10:52
99019,KPHN,10:56
99437,KPHN,11:05
99225,KPHN,11:12
99439,KPHN,11:23
99021,KPHN,11:31
99441,KPHN,11:37
99227,KPHN,11:44
99443,KPHN,11:52
99229,KPHN,11:59
99445,KPHN,12:05
99023,KPHN,12:19
99447,KPHN,12:23
99231,KPHN,12:29
99449,KPHN,12:35
99233,KPHN,12:52
99451,KPHN,12:58
99025,KPHN,13:06
99453,KPHN,13:17
99435,TUH,10:56
99019,TUH,11:00
99437,TUH,11:09
99225,TUH,11:16
99439,TUH,11:27
99021,TUH,11:35
99441,TUH,11:41
99227,TUH,11:48
99443,TUH,11:56
99229,TUH,12:03
99445,TUH,12:09
99023,TUH,12:23
99447,TUH,12:27
99231,TUH,12:33
99449,TUH,12:39
99233,TUH,12:56
99451,TUH,13:02
99025,TUH,13:10
99453,TUH,13:21
99435,SNPD,11:00
99437,SNPD,11:13
99439,SNPD,11:31
99441,SNPD,11:45
99443,SNPD,12:00
99445,SNPD,12:13
99447,SNPD,12:31
99449,SNPD,12:43
99451,SNPD,13:06
99453,SNPD,13:25
99435,VSH,11:05
99437,VSH,11:17
99439,VSH,11:35
99441,VSH,11:49
99443,VSH,12:04
99445,VSH,12:17
99447,VSH,12:35
99449,VSH,12:47
99451,VSH,13:10
99453,VSH,13:29
99019,JNJ,11:05
99225,JNJ,11:20
99021,JNJ,11:39
99227,JNJ,11:52
99229,JNJ,12:07
99023,JNJ,12:28
99231,JNJ,12:37
99233,JNJ,13:00
99025,JNJ,13:14
99019,NEU,11:11
99225,NEU,11:25
99021,NEU,11:44
99227,NEU,11:57
99229,NEU,12:12
99023,NEU,12:33
99231,NEU,12:42
99233,NEU,13:05
99025,NEU,13:19
99019,SWDV,11:15
99021,SWDV,11:48
99023,SWDV,12:37
99025,SWDV,13:23
99019,BEPR,11:19
99021,BEPR,11:52
99023,BEPR,12:41
99025,BEPR,13:27
99019,KHAG,11:23
99021,KHAG,11:56
99023,KHAG,12:45
99025,KHAG,13:31
99019,MANR,11:26
99021,MANR,11:59
99023,MANR,12:48
99025,MANR,13:34
99019,KNDS,11:29
99021,KNDS,12:02
99023,KNDS,12:51
99025,KNDS,13:37
99019,PNVL,11:34
99021,PNVL,12:07
99023,PNVL,12:56
99025,PNVL,13:42
99235,TNA,13:10
99027,TNA,13:24
99455,TNA,13:30
99237,TNA,13:37
99457,TNA,13:50
99029,TNA,14:03
99239,TNA,14:13
99459,TNA,14:19
99031,TNA,14:36
99461,TNA,14:46
99033,TNA,14:54
99463,TNA,15:00
99241,TNA,15:05
99035,TNA,15:20
99465,TNA,15:25
99243,TNA,15:30
99467,TNA,15:40
99469,TNA,15:52
99037,TNA,16:00
99235,DIGH,13:15
99027,DIGH,13:29
99455,DIGH,13:35
99237,DIGH,13:42
99457,DIGH,13:55
99029,DIGH,14:08
99239,DIGH,14:18
99459,DIGH,14:24
99031,DIGH,14:41
99461,DIGH,14:51
99033,DIGH,14:59
99463,DIGH,15:05
99241,DIGH,15:10
99035,DIGH,15:25
99465,DIGH,15:30
99243,DIGH,15:35
99467,DIGH,15:45
99469,DIGH,15:57
99037,DIGH,16:05
99235,AIRL,13:18
99027,AIRL,13:32
99455,AIRL,13:38
99237,AIRL,13:45
99457,AIRL,13:58
99029,AIRL,14:11
99239,AIRL,14:21
99459,AIRL,14:27
99031,AIRL,14:44
99461,AIRL,14:54
99033,AIRL,15:02
99463,AIRL,15:08
99241,AIRL,15:13
99035,AIRL,15:28
99465,AIRL,15:33
99243,AIRL,15:38
99467,AIRL,15:48
99469,AIRL,16:00
99037,AIRL,16:08
99235,RABE,13:21
99027,RABE,13:35
99455,RABE,13:41
99237,RABE,13:48
99457,RABE,14:01
99029,RABE,14:14
99239,RABE,14:24
99459,RABE,14:30
99031,RABE,14:47
99461,RABE,14:57
99033,RABE,15:05
99463,RABE,15:11
99241,RABE,15:16
99035,RABE,15:31
99465,RABE,15:36
99243,RABE,15:41
99467,RABE,15:51
99469,RABE,16:03
99037,RABE,16:11
99235,GNSL,13:24
99027,GNSL,13:38
99455,GNSL,13:44
99237,GNSL,13:51
99457,GNSL,14:04
99029,GNSL,14:17
99239,GNSL,14:27
99459,GNSL,14:33
99031,GNSL,14:50
99461,GNSL,15:00
99033,GNSL,15:08
99463,GNSL,15:14
99241,GNSL,15:19
99035,GNSL,15:34
99465,GNSL,15:39
99243,GNSL,15:44
99467,GNSL,15:54
99469,GNSL,16:06
99037,GNSL,16:14
99235,KPHN,13:27
99027,KPHN,13:41
99455,KPHN,13:47
99237,KPHN,13:54
99457,KPHN,14:07
99029,KPHN,14:20
99239,KPHN,14:30
99459,KPHN,14:36
99031,KPHN,14:53
99461,KPHN,15:03
99033,KPHN,15:11
99463,KPHN,15:17
99241,KPHN,15:22
99035,KPHN,15:37
99465,KPHN,15:42
99243,KPHN,15:47
99467,KPHN,15:57
99469,KPHN,16:09
99037,KPHN,16:17
99235,TUH,13:31
99027,TUH,13:45
99455,TUH,13:51
99237,TUH,13:58
99457,TUH,14:11
99029,TUH,14:24
99239,TUH,14:34
99459,TUH,14:40
99031,TUH,14:57
99461,TUH,15:07
99033,TUH,15:15
99463,TUH,15:21
99241,TUH,15:26
99035,TUH,15:41
99465,TUH,15:46
99243,TUH,15:51
99467,TUH,16:01
99469,TUH,16:13
99037,TUH,16:21
99455,SNPD,13:55
99457,SNPD,14:15
99459,SNPD,14:44
99461,SNPD,15:11
99463,SNPD,15:25
99465,SNPD,15:50
99467,SNPD,16:05
99469,SNPD,16:17
99455,VSH,13:59
99457,VSH,14:19
99459,VSH,14:48
99461,VSH,15:15
99463,VSH,15:29
99465,VSH,15:54
99467,VSH,16:09
99469,VSH,16:23
99235,JNJ,13:35
99027,JNJ,13:49
99237,JNJ,14:02
99029,JNJ,14:28
99239,JNJ,14:38
99031,JNJ,15:01
99033,JNJ,15:19
99241,JNJ,15:30
99035,JNJ,15:45
99243,JNJ,15:55
99037,JNJ,16:25
99235,NEU,13:40
99027,NEU,13:53
99237,NEU,14:07
99029,NEU,14:32
99239,NEU,14:43
99031,NEU,15:05
99033,NEU,15:23
99241,NEU,15:35
99035,NEU,15:49
99243,NEU,16:00
99037,NEU,16:29
99027,SWDV,13:57
99029,SWDV,14:36
99031,SWDV,15:09
99033,SWDV,15:27
99035,SWDV,15:53
99037,SWDV,16:33
99027,BEPR,14:01
99029,BEPR,14:40
99031,BEPR,15:13
99033,BEPR,15:31
99035,BEPR,15:57
99037,BEPR,16:37
99027,KHAG,14:05
99029,KHAG,14:44
99031,KHAG,15:17
99033,KHAG,15:35
99035,KHAG,16:01
99037,KHAG,16:41
99027,MANR,14:08
99029,MANR,14:47
99031,MANR,15:20
99033,MANR,15:38
99035,MANR,16:04
99037,MANR,16:44
99027,KNDS,14:11
99029,KNDS,14:50
99031,KNDS,15:23
99033,KNDS,15:41
99035,KNDS,16:07
99037,KNDS,16:47
99027,PNVL,14:16
99029,PNVL,14:55
99031,PNVL,15:28
99033,PNVL,15:46
99035,PNVL,16:12
99037,PNVL,16:52
99471,TNA,16:07
99473,TNA,16:19
99039,TNA,16:24
99245,TNA,16:33
99475,TNA,16:40
99041,TNA,16:48
99477,TNA,16:55
99247,TNA,17:00
99479,TNA,17:08
99249,TNA,17:14
99043,TNA,17:23
99481,TNA,17:28
99251,TNA,17:34
99483,TNA,17:46
99045,TNA,17:54
99485,TNA,18:06
99047,TNA,18:10
99253,TNA,18:17
99487,TNA,18:24
99471,DIGH,16:12
99473,DIGH,16:24
99039,DIGH,16:29
99245,DIGH,16:38
99475,DIGH,16:45
99041,DIGH,16:53
99477,DIGH,17:00
99247,DIGH,17:05
99479,DIGH,17:13
99249,DIGH,17:19
99043,DIGH,17:28
99481,DIGH,17:33
99251,DIGH,17:39
99483,DIGH,17:51
99045,DIGH,17:59
99485,DIGH,18:11
99047,DIGH,18:15
99253,DIGH,18:22
99487,DIGH,18:29
99471,AIRL,16:15
99473,AIRL,16:27
99039,AIRL,16:32
99245,AIRL,16:41
99475,AIRL,16:48
99041,AIRL,16:56
99477,AIRL,17:03
99247,AIRL,17:08
99479,AIRL,17:16
99249,AIRL,17:22
99043,AIRL,17:31
99481,AIRL,17:36
99251,AIRL,17:42
99483,AIRL,17:54
99045,AIRL,18:02
99485,AIRL,18:14
99047,AIRL,18:18
99253,AIRL,18:25
99487,AIRL,18:32
99471,RABE,16:18
99473,RABE,16:30
99039,RABE,16:35
99245,RABE,16:44
99475,RABE,16:51
99041,RABE,16:59
99477,RABE,17:06
99247,RABE,17:11
99479,RABE,17:19
99249,RABE,17:25
99043,RABE,17:34
99481,RABE,17:39
99251,RABE,17:45
99483,RABE,17:57
99045,RABE,18:05
99485,RABE,18:17
99047,RABE,18:21
99253,RABE,18:28
99487,RABE,18:35
99471,GNSL,16:21
99473,GNSL,16:33
99039,GNSL,16:38
99245,GNSL,16:47
99475,GNSL,16:54
99041,GNSL,17:02
99477,GNSL,17:09
99247,GNSL,17:14
99479,GNSL,17:22
99249,GNSL,17:28
99043,GNSL,17:37
99481,GNSL,17:42
99251,GNSL,17:48
99483,GNSL,18:00
99045,GNSL,18:08
99485,GNSL,18:20
99047,GNSL,18:24
99253,GNSL,18:31
99487,GNSL,18:38
99471,KPHN,16:24
99473,KPHN,16:36
99039,KPHN,16:41
99245,KPHN,16:50
99475,KPHN,16:57
99041,KPHN,17:05
99477,KPHN,17:12
99247,KPHN,17:17
99479,KPHN,17:25
99249,KPHN,17:31
99043,KPHN,17:40
99481,KPHN,17:45
99251,KPHN,17:51
99483,KPHN,18:03
99045,KPHN,18:11
99485,KPHN,18:23
99047,KPHN,18:27
99253,KPHN,18:34
99487,KPHN,18:41
99471,TUH,16:28
99473,TUH,16:40
99039,TUH,16:45
99245,TUH,16:54
99475,TUH,17:01
99041,TUH,17:09
99477,TUH,17:16
99247,TUH,17:21
99479,TUH,17:29
99249,TUH,17:35
99043,TUH,17:44
99481,TUH,17:49
99251,TUH,17:55
99483,TUH,18:07
99045,TUH,18:15
99485,TUH,18:27
99047,TUH,18:31
99253,TUH,18:38
99487,TUH,18:45
99471,SNPD,16:32
99473,SNPD,16:44
99475,SNPD,17:06
99477,SNPD,17:20
99479,SNPD,17:33
99481,SNPD,17:53
99483,SNPD,18:11
99485,SNPD,18:31
99487,SNPD,18:49
99471,VSH,16:36
99473,VSH,16:48
99475,VSH,17:11
99477,VSH,17:24
99479,VSH,17:37
99481,VSH,17:57
99483,VSH,18:15
99485,VSH,18:35
99487,VSH,18:53
99039,JNJ,16:49
99245,JNJ,16:58
99041,JNJ,17:13
99247,JNJ,17:25
99249,JNJ,17:39
99043,JNJ,17:48
99251,JNJ,17:59
99045,JNJ,18:19
99047,JNJ,18:35
99253,JNJ,18:42
99039,NEU,16:53
99245,NEU,17:03
99041,NEU,17:17
99247,NEU,17:30
99249,NEU,17:46
99043,NEU,17:52
99251,NEU,18:04
99045,NEU,18:23
99047,NEU,18:39
99253,NEU,18:47
99039,SWDV,16:57
99041,SWDV,17:21
99043,SWDV,17:56
99045,SWDV,18:27
99047,SWDV,18:43
99039,BEPR,17:01
99041,BEPR,17:25
99043,BEPR,18:00
99045,BEPR,18:31
99047,BEPR,18:46
99039,KHAG,17:05
99041,KHAG,17:29
99043,KHAG,18:04
99045,KHAG,18:35
99047,KHAG,18:50
99039,MANR,17:08
99041,MANR,17:32
99043,MANR,18:07
99045,MANR,18:38
99047,MANR,18:53
99039,KNDS,17:11
99041,KNDS,17:35
99043,KNDS,18:10
99045,KNDS,18:41
99047,KNDS,18:56
99039,PNVL,17:16
99041,PNVL,17:40
99043,PNVL,18:15
99045,PNVL,18:46
99047,PNVL,19:01
99255,TNA,18:29
99049,TNA,18:34
99489,TNA,18:42
99257,TNA,18:49
99491,TNA,18:59
99051,TNA,19:14
99493,TNA,19:19
99259,TNA,19:24
99495,TNA,19:34
99261,TNA,19:38
99053,TNA,19:48
99497,TNA,19:54
99055,TNA,19:59
99499,TNA,20:05
99057,TNA,20:15
99263,TNA,20:20
99501,TNA,20:28
99265,TNA,20:33
99503,TNA,20:43
99255,DIGH,18:34
99049,DIGH,18:39
99489,DIGH,18:47
99257,DIGH,18:54
99491,DIGH,19:04
99051,DIGH,19:19
99493,DIGH,19:24
99259,DIGH,19:29
99495,DIGH,19:39
99261,DIGH,19:43
99053,DIGH,19:53
99497,DIGH,19:59
99055,DIGH,20:04
99499,DIGH,20:10
99057,DIGH,20:20
99263,DIGH,20:25
99501,DIGH,20:33
99265,DIGH,20:38
99503,DIGH,20:48
99255,AIRL,18:37
99049,AIRL,18:42
99489,AIRL,18:50
99257,AIRL,18:57
99491,AIRL,19:07
99051,AIRL,19:22
99493,AIRL,19:27
99259,AIRL,19:32
99495,AIRL,19:42
99261,AIRL,19:46
99053,AIRL,19:56
99497,AIRL,20:02
99055,AIRL,20:07
99499,AIRL,20:13
99057,AIRL,20:23
99263,AIRL,20:28
99501,AIRL,20:36
99265,AIRL,20:41
99503,AIRL,20:51
99255,RABE,18:40
99049,RABE,18:45
99489,RABE,18:53
99257,RABE,19:00
99491,RABE,19:10
99051,RABE,19:25
99493,RABE,19:30
99259,RABE,19:35
99495,RABE,19:45
99261,RABE,19:49
99053,RABE,19:59
99497,RABE,20:05
99055,RABE,20:10
99499,RABE,20:16
99057,RABE,20:26
99263,RABE,20:31
99501,RABE,20:39
99265,RABE,20:44
99503,RABE,20:54
99255,GNSL,18:43
99049,GNSL,18:48
99489,GNSL,18:56
99257,GNSL,19:03
99491,GNSL,19:13
99051,GNSL,19:28
99493,GNSL,19:33
99259,GNSL,19:38
99495,GNSL,19:48
99261,GNSL,19:52
99053,GNSL,20:02
99497,GNSL,20:08
99055,GNSL,20:13
99499,GNSL,20:19
99057,GNSL,20:29
99263,GNSL,20:34
99501,GNSL,20:42
99265,GNSL,20:47
99503,GNSL,20:57
99255,KPHN,18:46
99049,KPHN,18:51
99489,KPHN,18:59
99257,KPHN,19:06
99491,KPHN,19:16
99051,KPHN,19:31
99493,KPHN,19:36
99259,KPHN,19:41
99495,KPHN,19:51
99261,KPHN,19:55
99053,KPHN,20:05
99497,KPHN,20:11
99055,KPHN,20:16
99499,KPHN,20:22
99057,KPHN,20:32
99263,KPHN,20:37
99501,KPHN,20:45
99265,KPHN,20:50
99503,KPHN,21:00
99255,TUH,18:50
99049,TUH,18:55
99489,TUH,19:03
99257,TUH,19:10
99491,TUH,19:20
99051,TUH,19:35
99493,TUH,19:40
99259,TUH,19:45
99495,TUH,19:55
99261,TUH,19:59
99053,TUH,20:09
99497,TUH,20:15
99055,TUH,20:20
99499,TUH,20:26
99057,TUH,20:36
99263,TUH,20:41
99501,TUH,20:49
99265,TUH,20:54
99503,TUH,21:04
99489,SNPD,19:07
99491,SNPD,19:24
99493,SNPD,19:44
99495,SNPD,19:59
99497,SNPD,20:19
99499,SNPD,20:30
99501,SNPD,20:53
99503,SNPD,21:08
99489,VSH,19:11
99491,VSH,19:28
99493,VSH,19:48
99495,VSH,20:04
99497,VSH,20:23
99499,VSH,20:35
99501,VSH,20:57
99503,VSH,21:12
99255,JNJ,18:54
99049,JNJ,18:59
99257,JNJ,19:14
99051,JNJ,19:39
99259,JNJ,19:49
99261,JNJ,20:03
99053,JNJ,20:13
99055,JNJ,20:24
99057,JNJ,20:40
99263,JNJ,20:45
99265,JNJ,20:58
99255,NEU,18:59
99049,NEU,19:03
99257,NEU,19:19
99051,NEU,19:43
99259,NEU,19:54
99261,NEU,20:08
99053,NEU,20:18
99055,NEU,20:28
99057,NEU,20:44
99263,NEU,20:50
99265,NEU,21:03
99049,SWDV,19:07
99051,SWDV,19:47
99053,SWDV,20:22
99055,SWDV,20:32
99057,SWDV,20:48
99049,BEPR,19:11
99051,BEPR,19:51
99053,BEPR,20:26
99055,BEPR,20:36
99057,BEPR,20:52
99049,KHAG,19:15
99051,KHAG,19:55
99053,KHAG,20:30
99055,KHAG,20:40
99057,KHAG,20:56
99049,MANR,19:18
99051,MANR,19:58
99053,MANR,20:33
99055,MANR,20:43
99057,MANR,20:59
99049,KNDS,19:21
99051,KNDS,20:01
99053,KNDS,20:36
99055,KNDS,20:46
99057,KNDS,21:02
99049,PNVL,19:26
99051,PNVL,20:06
99053,PNVL,20:42
99055,PNVL,20:51
99057,PNVL,21:07
99059,TNA,20:50
99505,TNA,21:00
99061,TNA,21:11
99507,TNA,21:20
99267,TNA,21:30
99063,TNA,21:36
99509,TNA,21:41
99065,TNA,21:52
99511,TNA,22:01
99067,TNA,22:15
99513,TNA,22:25
99515,TNA,22:45
99069,TNA,22:55
99517,TNA,23:09
99071,TNA,23:14
99073,TNA,23:32
99519,TNA,23:45
99059,DIGH,20:55
99505,DIGH,21:05
99061,DIGH,21:16
99507,DIGH,21:25
99267,DIGH,21:35
99063,DIGH,21:41
99509,DIGH,21:46
99065,DIGH,21:57
99511,DIGH,22:06
99067,DIGH,22:20
99513,DIGH,22:30
99515,DIGH,22:50
99069,DIGH,23:00
99517,DIGH,23:14
99071,DIGH,23:19
99073,DIGH,23:37
99519,DIGH,23:50
99059,AIRL,20:58
99505,AIRL,21:08
99061,AIRL,21:19
99507,AIRL,21:28
99267,AIRL,21:38
99063,AIRL,21:44
99509,AIRL,21:49
99065,AIRL,22:00
99511,AIRL,22:09
99067,AIRL,22:23
99513,AIRL,22:33
99515,AIRL,22:53
99069,AIRL,23:03
99517,AIRL,23:17
99071,AIRL,23:22
99073,AIRL,23:40
99519,AIRL,23:53
99059,RABE,21:01
99505,RABE,21:11
99061,RABE,21:22
99507,RABE,21:31
99267,RABE,21:41
99063,RABE,21:47
99509,RABE,21:52
99065,RABE,22:03
99511,RABE,22:12
99067,RABE,22:26
99513,RABE,22:36
99515,RABE,22:56
99069,RABE,23:06
99517,RABE,23:20
99071,RABE,23:25
99073,RABE,23:43
99519,RABE,23:56
99059,GNSL,21:04
99505,GNSL,21:14
99061,GNSL,21:25
99507,GNSL,21:34
99267,GNSL,21:44
99063,GNSL,21:50
99509,GNSL,21:55
99065,GNSL,22:06
99511,GNSL,22:15
99067,GNSL,22:29
99513,GNSL,22:39
99515,GNSL,22:59
99069,GNSL,23:09
99517,GNSL,23:23
99071,GNSL,23:28
99073,GNSL,23:46
99519,GNSL,23:59
99059,KPHN,21:07
99505,KPHN,21:17
99061,KPHN,21:28
99507,KPHN,21:37
99267,KPHN,21:47
99063,KPHN,21:53
99509,KPHN,21:58
99065,KPHN,22:09
99511,KPHN,22:18
99067,KPHN,22:32
99513,KPHN,22:42
99515,KPHN,23:02
99069,KPHN,23:12
99517,KPHN,23:26
99071,KPHN,23:31
99073,KPHN,23:49
99519,KPHN,00:02
99059,TUH,21:11
99505,TUH,21:21
99061,TUH,21:32
99507,TUH,21:41
99267,TUH,21:51
99063,TUH,21:57
99509,TUH,22:02
99065,TUH,22:13
99511,TUH,22:22
99067,TUH,22:36
99513,TUH,22:46
99515,TUH,23:06
99069,TUH,23:16
99517,TUH,23:30
99071,TUH,23:35
99073,TUH,23:53
99519,TUH,00:06
99505,SNPD,21:25
99507,SNPD,21:45
99509,SNPD,22:06
99511,SNPD,22:26
99513,SNPD,22:50
99515,SNPD,23:10
99517,SNPD,23:34
99519,SNPD,00:10
99505,VSH,21:29
99507,VSH,21:49
99509,VSH,22:10
99511,VSH,22:31
99513,VSH,22:54
99515,VSH,23:14
99517,VSH,23:38
99519,VSH,00:14
99059,JNJ,21:15
99061,JNJ,21:36
99267,JNJ,21:56
99063,JNJ,22:01
99065,JNJ,22:17
99067,JNJ,22:40
99069,JNJ,23:20
99071,JNJ,23:39
99073,JNJ,23:57
99059,NEU,21:19
99061,NEU,21:40
99267,NEU,22:02
99063,NEU,22:05
99065,NEU,22:23
99067,NEU,22:44
99069,NEU,23:24
99071,NEU,23:43
99073,NEU,00:01
99059,SWDV,21:23
99061,SWDV,21:43
99063,SWDV,22:09
99065,SWDV,22:27
99067,SWDV,22:48
99069,SWDV,23:28
99071,SWDV,23:47
99073,SWDV,00:05
99059,BEPR,21:27
99061,BEPR,21:47
99063,BEPR,22:13
99065,BEPR,22:31
99067,BEPR,22:52
99069,BEPR,23:32
99071,BEPR,23:51
99073,BEPR,00:09
99059,KHAG,21:31
99061,KHAG,21:51
99063,KHAG,22:17
99065,KHAG,22:35
99067,KHAG,22:56
99069,KHAG,23:36
99071,KHAG,23:55
99073,KHAG,00:13
99059,MANR,21:34
99061,MANR,21:54
99063,MANR,22:20
99065,MANR,22:38
99067,MANR,22:59
99069,MANR,23:39
99071,MANR,23:58
99073,MANR,00:16
99059,KNDS,21:37
99061,KNDS,21:57
99063,KNDS,22:23
99065,KNDS,22:41
99067,KNDS,23:02
99069,KNDS,23:42
99071,KNDS,00:01
99073,KNDS,00:19
99059,PNVL,21:42
99061,PNVL,22:02
99063,PNVL,22:28
99065,PNVL,22:46
99067,PNVL,23:07
99069,PNVL,23:47
99071,PNVL,00:06
99073,PNVL,00:24
99002,PNVL,04:33
99004,PNVL,04:53
99006,PNVL,05:21
99008,PNVL,05:44
99010,PNVL,06:13
99012,PNVL,06:37
99014,PNVL,07:01
99016,PNVL,07:18
99002,KNDS,04:38
99004,KNDS,04:58
99006,KNDS,05:26
99008,KNDS,05:49
99010,KNDS,06:18
99012,KNDS,06:42
99014,KNDS,07:06
99016,KNDS,07:23
99002,MANR,04:41
99004,MANR,05:01
99006,MANR,05:29
99008,MANR,05:52
99010,MANR,06:21
99012,MANR,06:45
99014,MANR,07:09
99016,MANR,07:26
99002,KHAG,04:44
99004,KHAG,05:04
99006,KHAG,05:32
99008,KHAG,05:55
99010,KHAG,06:24
99012,KHAG,06:48
99014,KHAG,07:12
99016,KHAG,07:29
99002,BEPR,04:48
99004,BEPR,05:08
99006,BEPR,05:36
99008,BEPR,05:59
99010,BEPR,06:28
99012,BEPR,06:52
99014,BEPR,07:16
99016,BEPR,07:33
99002,SWDV,04:52
99004,SWDV,05:12
99006,SWDV,05:40
99008,SWDV,06:03
99010,SWDV,06:32
99012,SWDV,06:56
99014,SWDV,07:20
99016,SWDV,07:37
99002,NEU,04:56
99004,NEU,05:16
99006,NEU,05:44
99008,NEU,06:07
99202,NEU,06:20
99010,NEU,06:36
99012,NEU,07:00
99204,NEU,07:08
99014,NEU,07:24
99206,NEU,07:28
99016,NEU,07:41
99002,JNJ,05:00
99004,JNJ,05:20
99006,JNJ,05:48
99008,JNJ,06:11
99202,JNJ,06:25
99010,JNJ,06:40
99012,JNJ,07:04
99204,JNJ,07:13
99014,JNJ,07:28
99206,JNJ,07:34
99016,JNJ,07:45
99402,VSH,05:29
99404,VSH,05:49
99406,VSH,06:02
99408,VSH,06:30
99410,VSH,06:48
99412,VSH,07:16
99414,VSH,07:36
99416,VSH,07:54
99402,SNPD,05:33
99404,SNPD,05:53
99406,SNPD,06:06
99408,SNPD,06:34
99410,SNPD,06:52
99412,SNPD,07:20
99414,SNPD,07:41
99416,SNPD,07:58
99002,TUH,05:04
99004,TUH,05:24
99402,TUH,05:37
99006,TUH,05:52
99404,TUH,05:57
99406,TUH,06:10
99008,TUH,06:15
99202,TUH,06:29
99408,TUH,06:38
99010,TUH,06:44
99410,TUH,06:56
99012,TUH,07:08
99204,TUH,07:17
99412,TUH,07:24
99014,TUH,07:32
99206,TUH,07:38
99414,TUH,07:45
99016,TUH,07:51
99416,TUH,08:02
99002,KPHN,05:08
99004,KPHN,05:28
99402,KPHN,05:41
99006,KPHN,05:56
99404,KPHN,06:01
99406,KPHN,06:14
99008,KPHN,06:19
99202,KPHN,06:33
99408,KPHN,06:42
99010,KPHN,06:48
99410,KPHN,07:00
99012,KPHN,07:12
99204,KPHN,07:21
99412,KPHN,07:28
99014,KPHN,07:36
99206,KPHN,07:42
99414,KPHN,07:49
99016,KPHN,07:55
99416,KPHN,08:06
99002,GNSL,05:11
99004,GNSL,05:31
99402,GNSL,05:44
99006,GNSL,05:59
99404,GNSL,06:04
99406,GNSL,06:17
99008,GNSL,06:22
99202,GNSL,06:36
99408,GNSL,06:45
99010,GNSL,06:51
99410,GNSL,07:03
99012,GNSL,07:15
99204,GNSL,07:24
99412,GNSL,07:31
99014,GNSL,07:39
99206,GNSL,07:45
99414,GNSL,07:52
99016,GNSL,07:58
99416,GNSL,08:09
99002,RABE,05:14
99004,RABE,05:34
99402,RABE,05:47
99006,RABE,06:02
99404,RABE,06:07
99406,RABE,06:20
99008,RABE,06:25
99202,RABE,06:39
99408,RABE,06:48
99010,RABE,06:54
99410,RABE,07:06
99012,RABE,07:18
99204,RABE,07:27
99412,RABE,07:34
99014,RABE,07:42
99206,RABE,07:48
99414,RABE,07:55
99016,RABE,08:01
99416,RABE,08:12
99002,AIRL,05:17
99004,AIRL,05:37
99402,AIRL,05:50
99006,AIRL,06:05
99404,AIRL,06:10
99406,AIRL,06:23
99008,AIRL,06:28
99202,AIRL,06:42
99408,AIRL,06:51
99010,AIRL,06:57
99410,AIRL,07:09
99012,AIRL,07:21
99204,AIRL,07:30
99412,AIRL,07:37
99014,AIRL,07:45
99206,AIRL,07:51
99414,AIRL,07:58
99016,AIRL,08:04
99416,AIRL,08:15
99002,DIGH,05:20
99004,DIGH,05:40
99402,DIGH,05:53
99006,DIGH,06:08
99404,DIGH,06:13
99406,DIGH,06:26
99008,DIGH,06:31
99202,DIGH,06:45
99408,DIGH,06:54
99010,DIGH,07:00
99410,DIGH,07:12
99012,DIGH,07:24
99204,DIGH,07:33
99412,DIGH,07:40
99014,DIGH,07:48
99206,DIGH,07:54
99414,DIGH,08:01
99016,DIGH,08:07
99416,DIGH,08:18
99002,TNA,05:25
99004,TNA,05:45
99402,TNA,05:58
99006,TNA,06:13
99404,TNA,06:18
99406,TNA,06:31
99008,TNA,06:38
99202,TNA,06:50
99408,TNA,06:59
99010,TNA,07:05
99410,TNA,07:17
99012,TNA,07:29
99204,TNA,07:38
99412,TNA,07:45
99014,TNA,07:53
99206,TNA,08:00
99414,TNA,08:06
99016,TNA,08:12
99416,TNA,08:23
99018,PNVL,07:43
99020,PNVL,08:04
99022,PNVL,08:15
99024,PNVL,09:01
99026,PNVL,09:48
99018,KNDS,07:48
99020,KNDS,08:09
99022,KNDS,08:20
99024,KNDS,09:06
99026,KNDS,09:53
99018,MANR,07:51
99020,MANR,08:12
99022,MANR,08:23
99024,MANR,09:09
99026,MANR,09:56
99018,KHAG,07:54
99020,KHAG,08:15
99022,KHAG,08:26
99024,KHAG,09:12
99026,KHAG,09:59
99018,BEPR,07:58
99020,BEPR,08:19
99022,BEPR,08:30
99024,BEPR,09:16
99026,BEPR,10:03
99018,SWDV,08:02
99020,SWDV,08:23
99022,SWDV,08:34
99024,SWDV,09:20
99026,SWDV,10:07
99208,NEU,08:01
99018,NEU,08:06
99210,NEU,08:21
99020,NEU,08:27
99022,NEU,08:38
99212,NEU,08:52
99214,NEU,09:09
99024,NEU,09:24
99216,NEU,09:29
99218,NEU,09:42
99220,NEU,09:59
99026,NEU,10:11
99208,JNJ,08:06
99018,JNJ,08:11
99210,JNJ,08:26
99020,JNJ,08:31
99022,JNJ,08:42
99212,JNJ,08:57
99214,JNJ,09:14
99024,JNJ,09:28
99216,JNJ,09:34
99218,JNJ,09:47
99220,JNJ,10:04
99026,JNJ,10:15
99418,VSH,08:12
99420,VSH,08:32
99422,VSH,08:45
99424,VSH,09:00
99426,VSH,09:18
99428,VSH,09:34
99430,VSH,09:50
99418,SNPD,08:16
99420,SNPD,08:36
99422,SNPD,08:49
99424,SNPD,09:04
99426,SNPD,09:22
99428,SNPD,09:38
99430,SNPD,09:54
99208,TUH,08:10
99018,TUH,08:15
99418,TUH,08:20
99210,TUH,08:30
99020,TUH,08:35
99420,TUH,08:40
99022,TUH,08:47
99422,TUH,08:53
99212,TUH,09:01
99424,TUH,09:08
99214,TUH,09:18
99426,TUH,09:26
99024,TUH,09:32
99216,TUH,09:38
99428,TUH,09:43
99218,TUH,09:51
99430,TUH,09:58
99220,TUH,10:08
99026,TUH,10:19
99208,KPHN,08:14
99018,KPHN,08:19
99418,KPHN,08:24
99210,KPHN,08:34
99020,KPHN,08:39
99420,KPHN,08:44
99022,KPHN,08:51
99422,KPHN,08:57
99212,KPHN,09:05
99424,KPHN,09:12
99214,KPHN,09:22
99426,KPHN,09:30
99024,KPHN,09:36
99216,KPHN,09:42
99428,KPHN,09:47
99218,KPHN,09:55
99430,KPHN,10:02
99220,KPHN,10:12
99026,KPHN,10:23
99208,GNSL,08:17
99018,GNSL,08:22
99418,GNSL,08:27
99210,GNSL,08:37
99020,GNSL,08:42
99420,GNSL,08:47
99022,GNSL,08:54
99422,GNSL,09:00
99212,GNSL,09:08
99424,GNSL,09:15
99214,GNSL,09:25
99426,GNSL,09:33
99024,GNSL,09:39
99216,GNSL,09:45
99428,GNSL,09:50
99218,GNSL,09:58
99430,GNSL,10:05
99220,GNSL,10:15
99026,GNSL,10:26
99208,RABE,08:20
99018,RABE,08:25
99418,RABE,08:30
99210,RABE,08:40
99020,RABE,08:45
99420,RABE,08:50
99022,RABE,08:57
99422,RABE,09:03
99212,RABE,09:11
99424,RABE,09:18
99214,RABE,09:28
99426,RABE,09:36
99024,RABE,09:42
99216,RABE,09:48
99428,RABE,09:53
99218,RABE,10:01
99430,RABE,10:08
99220,RABE,10:18
99026,RABE,10:29
99208,AIRL,08:23
99018,AIRL,08:28
99418,AIRL,08:33
99210,AIRL,08:43
99020,AIRL,08:48
99420,AIRL,08:53
99022,AIRL,09:00
99422,AIRL,09:06
99212,AIRL,09:14
99424,AIRL,09:21
99214,AIRL,09:31
99426,AIRL,09:39
99024,AIRL,09:45
99216,AIRL,09:51
99428,AIRL,09:56
99218,AIRL,10:04
99430,AIRL,10:11
99220,AIRL,10:21
99026,AIRL,10:32
99208,DIGH,08:26
99018,DIGH,08:31
99418,DIGH,08:36
99210,DIGH,08:46
99020,DIGH,08:51
99420,DIGH,08:56
99022,DIGH,09:03
99422,DIGH,09:09
99212,DIGH,09:17
99424,DIGH,09:24
99214,DIGH,09:34
99426,DIGH,09:42
99024,DIGH,09:48
99216,DIGH,09:54
99428,DIGH,09:59
99218,DIGH,10:07
99430,DIGH,10:14
99220,DIGH,10:24
99026,DIGH,10:35
99208,TNA,08:31
99018,TNA,08:36
99418,TNA,08:41
99210,TNA,08:51
99020,TNA,08:56
99420,TNA,09:01
99022,TNA,09:08
99422,TNA,09:15
99212,TNA,09:22
99424,TNA,09:29
99214,TNA,09:39
99426,TNA,09:47
99024,TNA,09:53
99216,TNA,09:59
99428,TNA,10:04
99218,TNA,10:12
99430,TNA,10:19
99220,TNA,10:31
99026,TNA,10:40
99028,PNVL,10:12
99030,PNVL,10:41
99032,PNVL,11:02
99034,PNVL,12:19
99028,KNDS,10:17
99030,KNDS,10:46
99032,KNDS,11:07
99034,KNDS,12:24
99028,MANR,10:20
99030,MANR,10:49
99032,MANR,11:10
99034,MANR,12:27
99028,KHAG,10:23
99030,KHAG,10:52
99032,KHAG,11:13
99034,KHAG,12:30
99028,BEPR,10:27
99030,BEPR,10:56
99032,BEPR,11:17
99034,BEPR,12:34
99028,SWDV,10:31
99030,SWDV,11:00
99032,SWDV,11:21
99034,SWDV,12:38
99222,NEU,10:25
99028,NEU,10:35
99224,NEU,10:50
99030,NEU,11:04
99032,NEU,11:25
99226,NEU,11:36
99228,NEU,12:05
99230,NEU,12:23
99034,NEU,12:42
99222,JNJ,10:30
99028,JNJ,10:39
99224,JNJ,10:55
99030,JNJ,11:08
99032,JNJ,11:30
99226,JNJ,11:41
99228,JNJ,12:10
99230,JNJ,12:28
99034,JNJ,12:46
99432,VSH,10:15
99434,VSH,10:31
99436,VSH,10:45
99438,VSH,10:58
99440,VSH,11:13
99442,VSH,11:31
99444,VSH,11:43
99446,VSH,11:57
99448,VSH,12:12
99450,VSH,12:30
99432,SNPD,10:19
99434,SNPD,10:35
99436,SNPD,10:49
99438,SNPD,11:02
99440,SNPD,11:17
99442,SNPD,11:35
99444,SNPD,11:47
99446,SNPD,12:01
99448,SNPD,12:16
99450,SNPD,12:34
99432,TUH,10:24
99222,TUH,10:34
99434,TUH,10:39
99028,TUH,10:44
99436,TUH,10:53
99224,TUH,10:59
99438,TUH,11:06
99030,TUH,11:12
99440,TUH,11:21
99032,TUH,11:34
99442,TUH,11:39
99226,TUH,11:45
99444,TUH,11:51
99446,TUH,12:05
99228,TUH,12:14
99448,TUH,12:20
99230,TUH,12:32
99450,TUH,12:38
99034,TUH,12:51
99432,KPHN,10:28
99222,KPHN,10:38
99434,KPHN,10:43
99028,KPHN,10:48
99436,KPHN,10:57
99224,KPHN,11:03
99438,KPHN,11:10
99030,KPHN,11:16
99440,KPHN,11:25
99032,KPHN,11:38
99442,KPHN,11:43
99226,KPHN,11:49
99444,KPHN,11:55
99446,KPHN,12:09
99228,KPHN,12:18
99448,KPHN,12:24
99230,KPHN,12:36
99450,KPHN,12:42
99034,KPHN,12:55
99432,GNSL,10:31
99222,GNSL,10:41
99434,GNSL,10:46
99028,GNSL,10:51
99436,GNSL,11:00
99224,GNSL,11:06
99438,GNSL,11:13
99030,GNSL,11:19
99440,GNSL,11:28
99032,GNSL,11:41
99442,GNSL,11:46
99226,GNSL,11:52
99444,GNSL,11:58
99446,GNSL,12:12
99228,GNSL,12:21
99448,GNSL,12:27
99230,GNSL,12:39
99450,GNSL,12:45
99034,GNSL,12:58
99432,RABE,10:34
99222,RABE,10:44
99434,RABE,10:49
99028,RABE,10:54
99436,RABE,11:03
99224,RABE,11:09
99438,RABE,11:16
99030,RABE,11:22
99440,RABE,11:31
99032,RABE,11:44
99442,RABE,11:49
99226,RABE,11:55
99444,RABE,12:01
99446,RABE,12:15
99228,RABE,12:24
99448,RABE,12:30
99230,RABE,12:42
99450,RABE,12:48
99034,RABE,13:01
99432,AIRL,10:37
99222,AIRL,10:47
99434,AIRL,10:52
99028,AIRL,10:57
99436,AIRL,11:06
99224,AIRL,11:12
99438,AIRL,11:19
99030,AIRL,11:25
99440,AIRL,11:34
99032,AIRL,11:47
99442,AIRL,11:52
99226,AIRL,11:58
99444,AIRL,12:04
99446,AIRL,12:18
99228,AIRL,12:27
99448,AIRL,12:33
99230,AIRL,12:45
99450,AIRL,12:51
99034,AIRL,13:04
99432,DIGH,10:40
99222,DIGH,10:50
99434,DIGH,10:55
99028,DIGH,11:00
99436,DIGH,11:09
99224,DIGH,11:15
99438,DIGH,11:22
99030,DIGH,11:28
99440,DIGH,11:37
99032,DIGH,11:50
99442,DIGH,11:55
99226,DIGH,12:01
99444,DIGH,12:07
99446,DIGH,12:21
99228,DIGH,12:30
99448,DIGH,12:36
99230,DIGH,12:48
99450,DIGH,12:54
99034,DIGH,13:07
99432,TNA,10:45
99222,TNA,10:55
99434,TNA,11:00
99028,TNA,11:05
99436,TNA,11:14
99224,TNA,11:20
99438,TNA,11:27
99030,TNA,11:33
99440,TNA,11:42
99032,TNA,11:55
99442,TNA,12:00
99226,TNA,12:06
99444,TNA,12:12
99446,TNA,12:26
99228,TNA,12:35
99448,TNA,12:41
99230,TNA,12:53
99450,TNA,13:00
99034,TNA,13:12
99036,PNVL,13:04
99038,PNVL,14:01
99040,PNVL,14:24
99042,PNVL,15:04
99036,KNDS,13:09
99038,KNDS,14:06
99040,KNDS,14:29
99042,KNDS,15:09
99036,MANR,13:12
99038,MANR,14:09
99040,MANR,14:32
99042,MANR,15:12
99036,KHAG,13:15
99038,KHAG,14:12
99040,KHAG,14:35
99042,KHAG,15:15
99036,BEPR,13:19
99038,BEPR,14:16
99040,BEPR,14:39
99042,BEPR,15:19
99036,SWDV,13:23
99038,SWDV,14:20
99040,SWDV,14:43
99042,SWDV,15:23
99232,NEU,12:59
99234,NEU,13:14
99036,NEU,13:27
99236,NEU,13:48
99238,NEU,14:15
99038,NEU,14:24
99040,NEU,14:47
99240,NEU,15:00
99042,NEU,15:27
99242,NEU,15:45
99232,JNJ,13:04
99234,JNJ,13:19
99036,JNJ,13:31
99236,JNJ,13:53
99238,JNJ,14:20
99038,JNJ,14:28
99040,JNJ,14:51
99240,JNJ,15:05
99042,JNJ,15:31
99242,JNJ,15:50
99452,VSH,12:55
99454,VSH,13:21
99456,VSH,13:40
99458,VSH,14:07
99460,VSH,14:35
99462,VSH,14:56
99464,VSH,15:11
99466,VSH,15:23
99468,VSH,15:38
99452,SNPD,12:59
99454,SNPD,13:25
99456,SNPD,13:44
99458,SNPD,14:11
99460,SNPD,14:39
99462,SNPD,15:00
99464,SNPD,15:15
99466,SNPD,15:27
99468,SNPD,15:42
99452,TUH,13:03
99232,TUH,13:08
99234,TUH,13:23
99454,TUH,13:29
99036,TUH,13:35
99456,TUH,13:48
99236,TUH,13:57
99458,TUH,14:15
99238,TUH,14:24
99038,TUH,14:32
99460,TUH,14:43
99040,TUH,14:55
99462,TUH,15:04
99240,TUH,15:09
99464,TUH,15:19
99466,TUH,15:31
99042,TUH,15:35
99468,TUH,15:46
99242,TUH,15:54
99452,KPHN,13:07
99232,KPHN,13:12
99234,KPHN,13:27
99454,KPHN,13:33
99036,KPHN,13:39
99456,KPHN,13:52
99236,KPHN,14:01
99458,KPHN,14:19
99238,KPHN,14:28
99038,KPHN,14:37
99460,KPHN,14:47
99040,KPHN,14:59
99462,KPHN,15:08
99240,KPHN,15:13
99464,KPHN,15:23
99466,KPHN,15:35
99042,KPHN,15:39
99468,KPHN,15:50
99242,KPHN,15:58
99452,GNSL,13:10
99232,GNSL,13:15
99234,GNSL,13:30
99454,GNSL,13:36
99036,GNSL,13:42
99456,GNSL,13:55
99236,GNSL,14:04
99458,GNSL,14:22
99238,GNSL,14:31
99038,GNSL,14:40
99460,GNSL,14:50
99040,GNSL,15:02
99462,GNSL,15:11
99240,GNSL,15:16
99464,GNSL,15:26
99466,GNSL,15:38
99042,GNSL,15:42
99468,GNSL,15:53
99242,GNSL,16:01
99452,RABE,13:13
99232,RABE,13:18
99234,RABE,13:33
99454,RABE,13:39
99036,RABE,13:45
99456,RABE,13:58
99236,RABE,14:07
99458,RABE,14:25
99238,RABE,14:34
99038,RABE,14:43
99460,RABE,14:53
99040,RABE,15:05
99462,RABE,15:14
99240,RABE,15:19
99464,RABE,15:29
99466,RABE,15:41
99042,RABE,15:45
99468,RABE,15:56
99242,RABE,16:04
99452,AIRL,13:16
99232,AIRL,13:21
99234,AIRL,13:36
99454,AIRL,13:42
99036,AIRL,13:48
99456,AIRL,14:01
99236,AIRL,14:10
99458,AIRL,14:28
99238,AIRL,14:37
99038,AIRL,14:46
99460,AIRL,14:56
99040,AIRL,15:08
99462,AIRL,15:17
99240,AIRL,15:22
99464,AIRL,15:32
99466,AIRL,15:44
99042,AIRL,15:48
99468,AIRL,15:59
99242,AIRL,16:07
99452,DIGH,13:19
99232,DIGH,13:24
99234,DIGH,13:39
99454,DIGH,13:45
99036,DIGH,13:51
99456,DIGH,14:04
99236,DIGH,14:13
99458,DIGH,14:31
99238,DIGH,14:40
99038,DIGH,14:49
99460,DIGH,14:59
99040,DIGH,15:11
99462,DIGH,15:20
99240,DIGH,15:25
99464,DIGH,15:35
99466,DIGH,15:47
99042,DIGH,15:51
99468,DIGH,16:02
99242,DIGH,16:10
99452,TNA,13:24
99232,TNA,13:29
99234,TNA,13:44
99454,TNA,13:50
99036,TNA,13:56
99456,TNA,14:09
99236,TNA,14:18
99458,TNA,14:36
99238,TNA,14:45
99038,TNA,14:54
99460,TNA,15:04
99040,TNA,15:16
99462,TNA,15:25
99240,TNA,15:30
99464,TNA,15:40
99466,TNA,15:52
99042,TNA,15:56
99468,TNA,16:07
99242,TNA,16:15
99044,PNVL,15:36
99046,PNVL,15:53
99048,PNVL,16:14
99050,PNVL,16:26
99052,PNVL,17:12
99054,PNVL,17:37
99044,KNDS,15:41
99046,KNDS,15:58
99048,KNDS,16:19
99050,KNDS,16:31
99052,KNDS,17:17
99054,KNDS,17:42
99044,MANR,15:44
99046,MANR,16:01
99048,MANR,16:22
99050,MANR,16:34
99052,MANR,17:20
99054,MANR,17:45
99044,KHAG,15:47
99046,KHAG,16:04
99048,KHAG,16:25
99050,KHAG,16:37
99052,KHAG,17:23
99054,KHAG,17:48
99044,BEPR,15:51
99046,BEPR,16:08
99048,BEPR,16:29
99050,BEPR,16:41
99052,BEPR,17:27
99054,BEPR,17:52
99044,SWDV,15:55
99046,SWDV,16:12
99048,SWDV,16:33
99050,SWDV,16:45
99052,SWDV,17:31
99054,SWDV,17:56
99044,NEU,15:59
99244,NEU,16:09
99046,NEU,16:16
99048,NEU,16:37
99050,NEU,16:49
99246,NEU,17:11
99052,NEU,17:35
99248,NEU,17:41
99250,NEU,17:54
99054,NEU,18:00
99044,JNJ,16:03
99244,JNJ,16:14
99046,JNJ,16:20
99048,JNJ,16:41
99050,JNJ,16:53
99246,JNJ,17:16
99052,JNJ,17:39
99248,JNJ,17:46
99250,JNJ,17:59
99054,JNJ,18:04
99470,VSH,16:04
99472,VSH,16:19
99474,VSH,16:31
99476,VSH,16:44
99478,VSH,16:57
99480,VSH,17:19
99482,VSH,17:32
99484,VSH,17:48
99486,VSH,18:05
99470,SNPD,16:08
99472,SNPD,16:24
99474,SNPD,16:35
99476,SNPD,16:49
99478,SNPD,17:02
99480,SNPD,17:23
99482,SNPD,17:36
99484,SNPD,17:52
99486,SNPD,18:09
99044,TUH,16:07
99470,TUH,16:12
99244,TUH,16:18
99046,TUH,16:24
99472,TUH,16:28
99474,TUH,16:39
99048,TUH,16:47
99476,TUH,16:53
99050,TUH,16:59
99478,TUH,17:07
99246,TUH,17:20
99480,TUH,17:27
99482,TUH,17:40
99052,TUH,17:45
99248,TUH,17:50
99484,TUH,17:56
99250,TUH,18:03
99054,TUH,18:08
99486,TUH,18:13
99044,KPHN,16:11
99470,KPHN,16:16
99244,KPHN,16:22
99046,KPHN,16:28
99472,KPHN,16:32
99474,KPHN,16:43
99048,KPHN,16:51
99476,KPHN,16:57
99050,KPHN,17:03
99478,KPHN,17:11
99246,KPHN,17:24
99480,KPHN,17:31
99482,KPHN,17:44
99052,KPHN,17:49
99248,KPHN,17:54
99484,KPHN,18:00
99250,KPHN,18:07
99054,KPHN,18:12
99486,KPHN,18:17
99044,GNSL,16:14
99470,GNSL,16:19
99244,GNSL,16:25
99046,GNSL,16:31
99472,GNSL,16:35
99474,GNSL,16:46
99048,GNSL,16:54
99476,GNSL,17:00
99050,GNSL,17:06
99478,GNSL,17:14
99246,GNSL,17:27
99480,GNSL,17:34
99482,GNSL,17:47
99052,GNSL,17:52
99248,GNSL,17:57
99484,GNSL,18:03
99250,GNSL,18:10
99054,GNSL,18:15
99486,GNSL,18:20
99044,RABE,16:17
99470,RABE,16:22
99244,RABE,16:28
99046,RABE,16:34
99472,RABE,16:38
99474,RABE,16:49
99048,RABE,16:57
99476,RABE,17:03
99050,RABE,17:09
99478,RABE,17:17
99246,RABE,17:30
99480,RABE,17:37
99482,RABE,17:50
99052,RABE,17:55
99248,RABE,18:00
99484,RABE,18:06
99250,RABE,18:13
99054,RABE,18:18
99486,RABE,18:23
99044,AIRL,16:20
99470,AIRL,16:25
99244,AIRL,16:31
99046,AIRL,16:37
99472,AIRL,16:41
99474,AIRL,16:52
99048,AIRL,17:00
99476,AIRL,17:06
99050,AIRL,17:12
99478,AIRL,17:20
99246,AIRL,17:33
99480,AIRL,17:40
99482,AIRL,17:53
99052,AIRL,17:58
99248,AIRL,18:03
99484,AIRL,18:09
99250,AIRL,18:16
99054,AIRL,18:21
99486,AIRL,18:26
99044,DIGH,16:23
99470,DIGH,16:28
99244,DIGH,16:34
99046,DIGH,16:40
99472,DIGH,16:44
99474,DIGH,16:55
99048,DIGH,17:03
99476,DIGH,17:09
99050,DIGH,17:15
99478,DIGH,17:23
99246,DIGH,17:36
99480,DIGH,17:43
99482,DIGH,17:56
99052,DIGH,18:01
99248,DIGH,18:06
99484,DIGH,18:12
99250,DIGH,18:19
99054,DIGH,18:24
99486,DIGH,18:29
99044,TNA,16:28
99470,TNA,16:33
99244,TNA,16:39
99046,TNA,16:45
99472,TNA,16:49
99474,TNA,17:00
99048,TNA,17:09
99476,TNA,17:14
99050,TNA,17:20
99478,TNA,17:28
99246,TNA,17:41
99480,TNA,17:48
99482,TNA,18:01
99052,TNA,18:06
99248,TNA,18:11
99484,TNA,18:17
99250,TNA,18:25
99054,TNA,18:29
99486,TNA,18:34
99056,PNVL,17:57
99058,PNVL,18:22
99060,PNVL,19:01
99062,PNVL,19:13
99064,PNVL,19:31
99056,KNDS,18:02
99058,KNDS,18:27
99060,KNDS,19:06
99062,KNDS,19:18
99064,KNDS,19:36
99056,MANR,18:05
99058,MANR,18:30
99060,MANR,19:09
99062,MANR,19:21
99064,MANR,19:39
99056,KHAG,18:08
99058,KHAG,18:33
99060,KHAG,19:12
99062,KHAG,19:24
99064,KHAG,19:42
99056,BEPR,18:12
99058,BEPR,18:37
99060,BEPR,19:16
99062,BEPR,19:28
99064,BEPR,19:46
99056,SWDV,18:16
99058,SWDV,18:41
99060,SWDV,19:20
99062,SWDV,19:32
99064,SWDV,19:50
99252,NEU,18:12
99056,NEU,18:20
99058,NEU,18:45
99254,NEU,18:54
99256,NEU,19:08
99060,NEU,19:24
99258,NEU,19:29
99062,NEU,19:36
99064,NEU,19:54
99260,NEU,20:03
99262,NEU,20:20
99252,JNJ,18:17
99056,JNJ,18:24
99058,JNJ,18:49
99254,JNJ,18:59
99256,JNJ,19:13
99060,JNJ,19:28
99258,JNJ,19:34
99062,JNJ,19:40
99064,JNJ,19:58
99260,JNJ,20:08
99262,JNJ,20:25
99488,VSH,18:25
99490,VSH,18:49
99492,VSH,19:01
99494,VSH,19:19
99496,VSH,19:41
99498,VSH,19:57
99500,VSH,20:12
99502,VSH,20:31
99488,SNPD,18:29
99490,SNPD,18:53
99492,SNPD,19:05
99494,SNPD,19:23
99496,SNPD,19:45
99498,SNPD,20:02
99500,SNPD,20:16
99502,SNPD,20:35
99252,TUH,18:21
99056,TUH,18:28
99488,TUH,18:33
99058,TUH,18:53
99490,TUH,18:57
99254,TUH,19:03
99492,TUH,19:09
99256,TUH,19:17
99494,TUH,19:27
99060,TUH,19:32
99258,TUH,19:38
99062,TUH,19:44
99496,TUH,19:49
99064,TUH,20:02
99498,TUH,20:07
99260,TUH,20:12
99500,TUH,20:20
99262,TUH,20:29
99502,TUH,20:39
99252,KPHN,18:25
99056,KPHN,18:32
99488,KPHN,18:37
99058,KPHN,18:57
99490,KPHN,19:01
99254,KPHN,19:07
99492,KPHN,19:13
99256,KPHN,19:21
99494,KPHN,19:31
99060,KPHN,19:36
99258,KPHN,19:42
99062,KPHN,19:48
99496,KPHN,19:53
99064,KPHN,20:06
99498,KPHN,20:11
99260,KPHN,20:16
99500,KPHN,20:24
99262,KPHN,20:33
99502,KPHN,20:43
99252,GNSL,18:28
99056,GNSL,18:35
99488,GNSL,18:40
99058,GNSL,19:00
99490,GNSL,19:04
99254,GNSL,19:10
99492,GNSL,19:16
99256,GNSL,19:24
99494,GNSL,19:34
99060,GNSL,19:39
99258,GNSL,19:45
99062,GNSL,19:51
99496,GNSL,19:56
99064,GNSL,20:09
99498,GNSL,20:14
99260,GNSL,20:19
99500,GNSL,20:27
99262,GNSL,20:36
99502,GNSL,20:46
99252,RABE,18:31
99056,RABE,18:38
99488,RABE,18:43
99058,RABE,19:03
99490,RABE,19:07
99254,RABE,19:13
99492,RABE,19:19
99256,RABE,19:27
99494,RABE,19:37
99060,RABE,19:42
99258,RABE,19:48
99062,RABE,19:54
99496,RABE,19:59
99064,RABE,20:12
99498,RABE,20:17
99260,RABE,20:22
99500,RABE,20:30
99262,RABE,20:39
99502,RABE,20:49
99252,AIRL,18:34
99056,AIRL,18:41
99488,AIRL,18:46
99058,AIRL,19:06
99490,AIRL,19:10
99254,AIRL,19:16
99492,AIRL,19:22
99256,AIRL,19:30
99494,AIRL,19:40
99060,AIRL,19:45
99258,AIRL,19:51
99062,AIRL,19:57
99496,AIRL,20:02
99064,AIRL,20:15
99498,AIRL,20:20
99260,AIRL,20:25
99500,AIRL,20:33
99262,AIRL,20:42
99502,AIRL,20:52
99252,DIGH,18:37
99056,DIGH,18:44
99488,DIGH,18:49
99058,DIGH,19:09
99490,DIGH,19:13
99254,DIGH,19:19
99492,DIGH,19:25
99256,DIGH,19:33
99494,DIGH,19:43
99060,DIGH,19:48
99258,DIGH,19:54
99062,DIGH,20:00
99496,DIGH,20:05
99064,DIGH,20:18
99498,DIGH,20:23
99260,DIGH,20:28
99500,DIGH,20:36
99262,DIGH,20:45
99502,DIGH,20:55
99252,TNA,18:42
99056,TNA,18:49
99488,TNA,18:54
99058,TNA,19:14
99490,TNA,19:18
99254,TNA,19:24
99492,TNA,19:30
99256,TNA,19:40
99494,TNA,19:48
99060,TNA,19:53
99258,TNA,19:59
99062,TNA,20:05
99496,TNA,20:10
99064,TNA,20:23
99498,TNA,20:28
99260,TNA,20:33
99500,TNA,20:41
99262,TNA,20:50
99502,TNA,21:00
99066,PNVL,20:19
99068,PNVL,20:51
99070,PNVL,21:20
99072,PNVL,22:15
99074,PNVL,23:18
99066,KNDS,20:24
99068,KNDS,20:56
99070,KNDS,21:25
99072,KNDS,22:20
99074,KNDS,23:23
99066,MANR,20:27
99068,MANR,20:59
99070,MANR,21:28
99072,MANR,22:23
99074,MANR,23:26
99066,KHAG,20:30
99068,KHAG,21:02
99070,KHAG,21:31
99072,KHAG,22:26
99074,KHAG,23:29
99066,BEPR,20:34
99068,BEPR,21:06
99070,BEPR,21:35
99072,BEPR,22:30
99074,BEPR,23:33
99066,SWDV,20:38
99068,SWDV,21:10
99070,SWDV,21:39
99072,SWDV,22:34
99074,SWDV,23:37
99066,NEU,20:42
99264,NEU,20:58
99266,NEU,21:11
99068,NEU,21:15
99070,NEU,21:43
99268,NEU,22:14
99072,NEU,22:38
99074,NEU,23:41
99066,JNJ,20:46
99264,JNJ,21:03
99266,JNJ,21:16
99068,JNJ,21:20
99070,JNJ,21:47
99268,JNJ,22:19
99072,JNJ,22:42
99074,JNJ,23:45
99504,VSH,20:50
99506,VSH,21:05
99508,VSH,21:24
99510,VSH,21:37
99512,VSH,22:00
99514,VSH,22:23
99516,VSH,22:45
99518,VSH,23:09
99520,VSH,23:25
99504,SNPD,20:54
99506,SNPD,21:09
99508,SNPD,21:28
99510,SNPD,21:41
99512,SNPD,22:04
99514,SNPD,22:27
99516,SNPD,22:49
99518,SNPD,23:13
99520,SNPD,23:29
99066,TUH,20:50
99504,TUH,20:58
99264,TUH,21:07
99506,TUH,21:13
99266,TUH,21:20
99068,TUH,21:24
99508,TUH,21:32
99510,TUH,21:45
99070,TUH,21:51
99512,TUH,22:08
99268,TUH,22:23
99514,TUH,22:31
99072,TUH,22:46
99516,TUH,22:53
99518,TUH,23:17
99520,TUH,23:33
99074,TUH,23:49
99066,KPHN,20:54
99504,KPHN,21:02
99264,KPHN,21:11
99506,KPHN,21:17
99266,KPHN,21:24
99068,KPHN,21:28
99508,KPHN,21:36
99510,KPHN,21:49
99070,KPHN,21:55
99512,KPHN,22:12
99268,KPHN,22:27
99514,KPHN,22:35
99072,KPHN,22:50
99516,KPHN,22:57
99518,KPHN,23:21
99520,KPHN,23:37
99074,KPHN,23:53
99066,GNSL,20:57
99504,GNSL,21:05
99264,GNSL,21:14
99506,GNSL,21:20
99266,GNSL,21:27
99068,GNSL,21:31
99508,GNSL,21:39
99510,GNSL,21:52
99070,GNSL,21:58
99512,GNSL,22:15
99268,GNSL,22:30
99514,GNSL,22:38
99072,GNSL,22:53
99516,GNSL,23:00
99518,GNSL,23:24
99520,GNSL,23:40
99074,GNSL,23:56
99066,RABE,21:00
99504,RABE,21:08
99264,RABE,21:17
99506,RABE,21:23
99266,RABE,21:30
99068,RABE,21:34
99508,RABE,21:42
99510,RABE,21:55
99070,RABE,22:01
99512,RABE,22:18
99268,RABE,22:33
99514,RABE,22:41
99072,RABE,22:56
99516,RABE,23:03
99518,RABE,23:27
99520,RABE,23:43
99074,RABE,23:59
99066,AIRL,21:03
99504,AIRL,21:11
99264,AIRL,21:20
99506,AIRL,21:26
99266,AIRL,21:33
99068,AIRL,21:37
99508,AIRL,21:45
99510,AIRL,21:58
99070,AIRL,22:04
99512,AIRL,22:21
99268,AIRL,22:36
99514,AIRL,22:44
99072,AIRL,22:59
99516,AIRL,23:06
99518,AIRL,23:30
99520,AIRL,23:46
99074,AIRL,00:02
99066,DIGH,21:06
99504,DIGH,21:14
99264,DIGH,21:23
99506,DIGH,21:29
99266,DIGH,21:36
99068,DIGH,21:40
99508,DIGH,21:48
99510,DIGH,22:01
99070,DIGH,22:07
99512,DIGH,22:24
99268,DIGH,22:39
99514,DIGH,22:47
99072,DIGH,23:02
99516,DIGH,23:09
99518,DIGH,23:33
99520,DIGH,23:49
99074,DIGH,00:05
99066,TNA,21:11
99504,TNA,21:19
99264,TNA,21:28
99506,TNA,21:34
99266,TNA,21:41
99068,TNA,21:46
99508,TNA,21:53
99510,TNA,22:06
99070,TNA,22:12
99512,TNA,22:29
99268,TNA,22:44
99514,TNA,22:52
99072,TNA,23:07
99516,TNA,23:14
99518,TNA,23:38
99520,TNA,23:54
99074,TNA,00:10
